{"geometry":{"attributes":{"position":[-0.522,-0.485,1.389,-0.991,-0.829,-0.477,-0.572,-1.232,-0.508,-0.103,-0.888,1.358,-1.347,-0.37,-0.495,-0.932,0.38,-0.738,0.205,-0.855,-0.796,-1.168,0.483,1.372,-0.48,0.758,1.149,-0.949,0.413,-0.717,-1.637,0.138,-0.493,-0.867,-0.018,1.412,-0.501,-0.466,1.403,-0.084,-0.867,1.372,0.361,-1.174,1.317,0.685,-0.502,1.111,-0.452,0.732,1.169,-1.137,0.453,1.394,-0.082,-1.55,-0.572,0.238,-0.876,-0.777,0.707,-0.531,1.088,0.387,-1.205,1.293,1.07,1.195,-1.393,1.153,1.19,-1.412,1.152,1.106,-1.397,1.651,1.56,0.464,1.181,1.216,-1.401,1.061,1.216,-1.371,1.53,1.56,0.494,1.632,1.458,0.511,1.633,1.542,0.495,1.55,1.548,0.515,1.181,1.216,-1.401,1.651,1.56,0.464,1.642,1.438,0.489,1.173,1.094,-1.376,-1.181,0.437,1.384,-1.651,0.093,-0.481,-1.359,-0.378,-0.467,-0.889,-0.034,1.398,-0.128,-1.56,-0.559,0.342,-1.216,1.306,0.361,-1.174,1.317,-0.084,-0.867,1.372,-1.137,0.453,1.394,-0.452,0.732,1.169,1.55,1.548,0.515,1.633,1.542,0.495,-0.501,-0.466,1.403,-0.867,-0.018,1.412,-1.137,0.453,1.394,-1.618,0.101,-0.514,-1.347,-0.37,-0.495,-1.618,0.101,-0.514,-0.932,0.38,-0.738,1.153,1.19,-1.412,1.152,1.106,-1.397,1.07,1.195,-1.393,1.153,1.19,-1.412,0.205,-0.855,-0.796,-0.981,-0.819,-0.504,-0.564,-1.219,-0.535,-0.119,-1.526,-0.591,-0.082,-1.55,-0.572,0.387,-1.205,1.293,-1.168,0.483,1.372,-1.637,0.138,-0.493,-0.119,-1.526,-0.591,-1.618,0.101,-0.514,-0.564,-1.219,-0.535,-0.981,-0.819,-0.504,-0.119,-1.526,-0.591],"uv":[0.7591,0.803505,0.7591,0.993336,0.848993,0.993352,0.848993,0.803491,0.946255,0.0910295,0.975557,0.187236,0.757877,0.050135,0.56311,0.752332,0.430959,0.751805,0.432483,0.988072,0.564809,0.988209,0.51828,0.0166324,0.347274,0.0399002,0.147604,0.104392,0.00848454,0.176624,0.190099,0.199337,0.740773,0.0594423,0.692858,0.00461304,0.018375,0.620233,0.211323,0.660779,0.187016,0.209003,0.00652452,0.18984,0.995101,0.287996,0.995829,0.315237,0.975595,0.294892,0.00611788,0.749456,0.00546479,0.989165,0.0247208,0.98853,0.0258328,0.749685,0.936165,0.335017,0.986856,0.340861,0.964988,0.311699,0.989667,0.779146,0.992773,0.358012,0.932477,0.351492,0.928252,0.77536,0.583872,0.803773,0.583872,0.993063,0.669207,0.99335,0.669207,0.803488,0.934328,0.993067,0.934328,0.803778,0.934264,0.799539,0.849098,0.800456,0.561611,0.744045,0.429864,0.743415,0.0259178,0.743314,0.00613368,0.743065,0.7591,0.800461,0.669102,0.800452,0.583936,0.799534,0.583936,0.997302,0.669102,0.996385,0.563271,0.994748,0.431328,0.994569,0.965691,0.79035,0.923146,0.787134,0.0246825,0.99576,0.00578511,0.99614,0.213296,0.669894,0.7591,0.99638,0.849097,0.996388,0.934263,0.997306,0.941208,0.993838,0.941209,0.803008,0.576991,0.803002,0.57699,0.993833,0.0208268,0.63551,0.988565,0.121744,0.782733,0.0131367,0.871303,0.0456923,0.717193,0.00408894]},"indices":[0,1,2,2,3,0,4,5,6,7,8,9,9,10,7,11,12,13,13,14,15,13,15,16,11,13,16,17,11,16,18,19,20,20,21,18,22,23,24,25,26,27,27,28,25,29,30,31,32,33,34,34,35,32,36,37,38,38,39,36,39,38,1,1,0,39,40,41,3,3,2,40,41,42,43,43,3,41,44,45,8,8,7,44,14,21,20,20,15,14,28,46,47,47,25,28,29,34,33,33,30,29,3,43,48,48,0,3,0,48,49,49,39,0,39,49,50,50,36,39,37,51,52,52,38,37,53,10,9,9,54,53,55,32,35,35,56,55,57,27,26,26,58,57,35,19,59,59,56,35,38,52,60,60,1,38,1,60,61,61,2,1,2,61,62,62,40,2,40,63,64,64,41,40,36,65,66,66,37,36,42,41,64,50,65,36,62,63,40,51,37,66,22,24,6,6,5,22,28,27,9,9,8,28,29,31,16,16,15,29,35,34,20,20,19,35,45,46,28,28,8,45,34,29,15,15,20,34,27,57,54,54,9,27,19,18,67,67,59,19,4,68,5,69,70,4,4,6,69,6,71,69],"bs":[0,0,0,2.318]},"diffuseMap":"cheese01.png"}